Sensor_ID,Temperature_C,Vibration_Hz,Fuel_Level_%,Status
1,107.45071229516849,56.99677718293001,59.28935108743724,OK
2,97.92603548243223,54.62316841456384,93.39901558597585,OK
3,109.71532807151038,50.29815184960087,65.11794660305208,OK
4,122.84544784612038,46.76531611147213,88.90019012086852,OK
5,96.48769937914996,53.49111656806795,19.176478999077787,OK
6,96.4879456457623,51.96742692710875,5.231197403552926,OK
7,123.68819223261087,54.47596610013866,92.76835247420614,OK
8,111.51152093729362,53.175859008409844,4.488479270829856,OK
9,92.95788421097572,55.247763576596675,47.74234006632548,OK
10,108.13840065378947,47.32382394219716,70.04343220461261,OK
11,93.04873460781306,56.58697032817163,92.31379247238365,OK
12,93.01405369644614,50.987998023462,49.93757319295822,OK
13,103.62943407349051,60.37630436312632,20.548445550925138,OK
14,71.30079633013304,46.55406090955216,29.29135227333019,OK
15,74.12623251230451,58.67981901582625,94.97739885360262,OK
16,91.5656870613854,50.98955391731324,92.70981646320965,OK
17,84.80753319498365,46.74290998192776,59.71267173673629,OK
18,104.71370998892911,47.580570829728394,70.47095059520566,OK
19,86.37963886718184,48.3982634590284,76.76156769439521,OK
20,78.81544447997062,52.12082973200958,71.89955010912864,OK
21,121.98473153382331,52.6141774401775,19.651725670311535,OK
22,96.61335549270197,47.131499980307105,7.07719463681461,OK
23,101.01292307031886,49.87822703869509,59.489730547243354,OK
24,78.62877720679815,60.71135179305932,9.388899786750287,OK
25,91.83425913212226,58.637715850503554,67.8504298752118,OK
26,101.66383884564799,52.18161834837016,52.35630136562084,WARNING
27,82.73509633866546,50.190017390841,77.39710021840003,OK
28,105.63547027518509,50.600156633591304,35.95239578241561,OK
29,90.99041965121792,53.06758986365208,2.101888482519115,OK
30,95.62459375310085,44.886037174007974,39.65069039566214,OK
31,90.97440081655904,48.71311731288328,64.21859158864511,OK
32,127.78417276763406,41.65707963061205,35.21825540094716,OK
33,99.79754162893099,51.9961156130264,87.70793215346124,OK
34,84.1343360656615,53.2359796985137,11.13409197346013,OK
35,112.33817368154783,47.58406768850313,49.69160492201637,OK
36,81.68734525043467,57.869933816450164,55.06502579603579,OK
37,103.13295392507133,43.8711716849883,41.41352115464808,OK
38,70.60494814180336,42.6781255989509,37.52161372105975,OK
39,80.07720926652354,51.12225909279986,92.8224193773487,OK
40,102.95291853803685,55.23549151306077,31.738277877659755,OK
41,111.07699869993115,58.419638457289345,75.80683196844704,OK
42,102.57052421784955,47.7055786856553,28.604736749341015,OK
43,98.2652757641764,55.393404167156476,17.746520561580326,WARNING
44,95.48344456616067,49.80745765249647,19.604149244747973,OK
45,77.82217014448858,49.1368635002959,44.74990325921109,OK
46,89.20233687407936,54.41829968743336,47.983010768924885,OK
47,93.09041843560318,53.261614392067095,85.71240386605882,OK
48,115.85683339328374,42.11803921507875,22.465384959686446,OK
49,105.15427434352692,57.38270174862948,72.85906195532857,OK
50,73.554397669559,56.90045677073726,50.330457718205345,OK
51,104.86125954092192,46.87218649245235,71.57259070724834,OK
52,94.22376579375525,51.979017667187044,86.61716370003069,OK
53,89.84616999541062,52.47015093141369,37.04423031082634,OK
54,109.17514433261302,51.303368829119535,94.56679651770962,OK
55,115.46499283743927,47.2484742307729,25.135476587379998,OK
56,113.96920178674299,46.641883160309746,68.24132047388834,OK
57,87.41173715166042,49.87222964504277,99.98653069955147,OK
58,95.36181436223178,55.86364509629682,48.88708607627702,OK
59,104.96895147105346,52.71800077297216,95.31480914723969,OK
60,114.63317690683539,48.14692833956947,72.38304421791005,OK
61,92.81238643232065,53.85849355324172,29.302351254428388,OK
62,97.21511535004274,35.75728689684962,93.73103783781342,WARNING
63,83.40497538990958,55.74382850186052,16.066150764399765,OK
64,82.05690063878994,41.301431106109504,99.61800773414168,OK
65,112.18788733591298,48.18779529298434,75.31761307980977,OK
66,120.34360042856234,44.40165052686928,25.909594384792854,OK
67,98.91984817629499,43.52659262139547,68.37298502706932,OK
68,115.05299346838036,55.8041339368926,89.81076119339865,OK
69,105.42454037571451,47.661493993440544,63.97660811995721,OK
70,90.32320368092314,51.73251940865358,72.96067136154744,OK
71,105.4209340826262,49.76539710560408,15.728809783944513,OK
72,123.07054849698955,52.385204136115604,68.66520824148569,OK
73,99.46260941335073,50.38410945530128,21.106752822399272,OK
74,123.4696548372101,43.58503887905715,10.812785518926532,OK
75,60.703823438653835,54.9813340972357,56.618258042347044,OK
76,112.32853756562835,47.531217084193436,9.005685614560804,OK
77,101.30570602357257,42.21709050670125,62.26819460368071,OK
78,95.51488974301199,47.85942419517044,3.5921583509891803,OK
79,101.37641164803253,57.503798953171554,91.0710475474427,OK
80,70.18646628098661,54.251108710567465,31.298073349675732,OK
81,96.70492168243732,48.2567393279607,50.61859595430713,OK
82,105.35668857267619,48.25371147840786,61.23511945443529,OK
83,122.16841067112274,48.391824743913084,36.72881212513991,OK
84,92.22594672589528,60.383739917804206,29.61429083656688,OK
85,87.87259595660218,51.90967726115777,99.56367303496909,OK
86,92.47364434623195,52.15020823595535,83.30469112528013,OK
87,113.73103176553111,55.151417270159214,28.695394936568135,OK
88,104.93126664489526,51.19394579513257,33.36145864217936,OK
89,92.05359694349441,48.704789270896484,3.3952494871322756,OK
90,107.69901149670034,49.01825075457511,23.896220974921704,OK
91,101.4561632402206,49.64199370292968,4.9227292268661955,OK
92,114.52967485799334,49.813888817450795,29.74594984651931,OK
93,89.46920359183972,53.6381477181849,70.19477913605569,OK
94,95.08506780103347,50.2597294290365,89.46350777491435,OK
95,94.11837770301764,53.6632003860779,21.817613665506443,OK
96,78.04727577801822,49.596417099457085,35.5850778524084,OK
97,104.44180415596864,50.39317595158045,95.18139876067038,OK
98,103.91582908269834,40.00899657733946,63.994953409902166,OK
99,100.07670184963692,54.581638373512405,4.320018451571386,OK
100,96.4811929993728,51.73244237948996,49.95988542897988,OK
101,78.76943886924379,54.99005054929826,56.727086398029535,OK
102,93.69032015851961,35.518723109031555,54.2300394840706,WARNING
103,94.85928225209845,60.44187352390364,79.11172759948363,OK
104,87.96584096167572,49.30205185922413,63.12928291352048,OK
105,97.58071432500986,55.54091408368758,63.01867440128234,OK
106,106.06076285221808,44.800470364372345,94.76449798125276,OK
107,128.29278851815795,53.063869525312846,23.24323714820818,OK
108,102.61866719247759,44.732922184131716,58.3495568096121,OK
109,103.86325586084146,46.88115519652097,17.782011318357675,OK
110,98.8833112635075,59.570156769333934,14.96519988801046,OK
111,71.21843177051437,49.04658799618327,78.80059453013419,OK
112,99.60229186826174,51.087164365898616,34.264651782987144,OK
113,100.90345314911539,54.35033865344377,52.77181958370183,OK
114,136.9486316872793,52.47840943986302,11.984326207851495,OK
115,97.11458552828316,50.75209452571788,78.42593208235459,OK
116,104.52321013500419,51.824805012331126,32.21867996899557,OK
117,99.47932345442135,62.01707792619138,39.224787774727744,OK
118,82.46982943570703,49.711906014832074,70.46985224281673,OK
119,117.14234221772531,51.005495233574834,86.33990963488274,OK
120,111.27899549030161,55.25327198003806,34.83602395227234,OK
121,111.8654792056457,55.52762966478992,26.140254186766924,OK
122,86.35918817807891,55.9351515278019,68.437265623665,OK
123,121.04191466404149,53.19365111014592,35.51673959776862,OK
124,78.97223405811579,44.28497543634758,60.48690923884968,OK
125,108.80285640700406,58.16715766150548,28.679311671738233,OK
126,132.85683438714966,44.26827303490656,80.0784725105947,OK
127,85.14195512303968,51.51317732619517,10.97849973638256,OK
128,91.50553405595842,46.22862074990321,71.25904035344203,OK
129,101.49477047631461,49.67930826703504,63.22140122438471,OK
130,92.44786518825701,51.6438120515174,94.19080479196502,OK
131,76.74004853400801,51.606786077251364,88.84877876787236,OK
132,101.0284446220904,52.109603771176424,48.41380972876719,OK
133,84.06544429410843,58.06855634529323,73.24073232720285,OK
134,107.10388645952773,52.2676715075699,16.451977425780555,OK
135,86.20863648649295,48.779216823546754,98.53066113450461,OK
136,123.24901607526309,54.820435841441785,62.09059513280638,OK
137,88.25120061495645,55.947352444623206,66.26544532309073,OK
138,95.16907725691486,43.861960924315035,98.06723690823989,OK
139,112.20275826054504,52.98700034924929,87.56316009994897,OK
140,81.53703525349067,53.50586371155449,58.63573250813647,OK
141,103.41189901906193,48.51218248320004,50.71354155525534,OK
142,119.60714131423643,56.878534066558096,59.57102527451309,OK
143,75.88775148158159,49.249722064837364,46.906232158790615,OK
144,102.76950787798457,50.62788226735771,40.48683250943185,OK
145,103.89824191372635,49.134640878580655,99.00761788721644,OK
146,111.72734307665965,50.077895237907335,53.590484054649615,OK
147,81.44573933682878,44.51862456552399,3.6500759112411743,OK
148,80.19315080373585,42.799745587028525,48.09677198704513,OK
149,107.82912348425347,57.97252531612486,32.24577325410468,WARNING
150,104.45477009849779,45.76519325840836,68.81361420831168,OK
151,103.75739275518815,45.04303825271846,22.600862184723752,OK
152,105.19672314245463,39.23304943198143,22.707851812388498,OK
153,89.79962917632264,46.80519126155249,47.870395234586105,OK
154,103.48380545741506,43.384551032962506,2.398617672078643,OK
155,104.39608709948021,58.21007580068185,87.44497852373466,OK
156,89.28472872960448,55.04908544671317,98.3052335110419,OK
157,127.98661766717134,46.55924827411138,22.984178824290396,OK
158,107.10749381367681,61.26217902672154,19.28444626351174,OK
159,82.13044754196028,54.90882743495797,87.97927708794238,OK
160,109.84830412950744,48.37584308245689,73.4417167041394,OK
161,85.37977494659017,37.50297142563213,98.24476366333711,OK
162,111.80626905613678,61.45471286295371,70.66913892194353,WARNING
163,117.37893368511106,43.05213766618202,22.68581260813285,OK
164,87.68976522472434,41.77300626521554,48.20394722874211,OK
165,114.45064193866483,55.1128521600482,65.19044068317119,OK
166,106.19171390404748,62.19876203169636,62.82607050936697,OK
167,112.33090239991735,56.921364092552594,99.86463742845318,WARNING
168,128.4518947398092,52.8195456002618,70.01994724347641,OK
169,96.31917825995694,52.97377170832643,35.35412583620695,OK
170,88.69395753463766,54.267077793901535,2.5805556183642864,OK
171,86.65728355561716,53.79464294893383,15.293917301610051,OK
172,87.76284572551843,51.40595711984688,97.64050353544708,OK
173,98.84347435878844,50.52100551975938,10.143939532516072,OK
174,105.11727962224965,49.68703436050239,21.680158670137402,OK
175,104.15036198995028,46.230177055666616,21.96238764290196,OK
176,112.40774873554035,48.59662461566613,54.20042409964285,OK
177,100.1950283781686,41.535215929023074,60.19947070454972,OK
178,121.80301115735975,49.50830186602625,69.70842711668074,OK
179,96.03014750143066,45.057044464245415,93.43051410456343,OK
180,140.8025374988443,44.48205341392114,77.1764636506301,OK
181,109.3850102164751,50.89947075576739,75.33963650219754,OK
182,87.14263665375576,56.960011431723,51.59229302897984,OK
183,83.93661252908332,54.59158303001156,25.255559340330606,OK
184,107.23708622864778,42.14749698188412,52.61901716020534,WARNING
185,96.64805822011223,45.05185931714831,94.21555505528394,OK
186,110.71000741138138,54.70385593994108,4.221019901179616,OK
187,107.09856436860318,45.08756303230845,5.727568090588775,OK
188,98.9075663101469,48.87683425001488,21.48104568515916,OK
189,87.29809422897392,52.75026049512276,0.867209843577939,OK
190,77.27729162971204,45.15827772568183,45.551766719973706,OK
191,93.30227571899468,50.5268775307298,3.723164974679392,OK
192,112.84598191485209,43.32987252540898,92.43949593832492,OK
193,103.21140616195306,46.99316178024393,63.431925173862865,OK
194,81.31391831932018,51.598909670712686,77.46187319932342,OK
195,102.59771388776772,42.03503133234165,80.416691586573,OK
196,105.77976069593255,52.202373689801995,85.9197051107324,OK
197,86.742138456983,49.901811005366596,37.758635843400334,OK
198,102.30587658918292,52.76244977208574,21.8678144252695,OK
199,100.87313077669,51.119570670323306,42.17016005796393,OK
200,82.85544553254066,56.82070214986922,85.30372904117903,OK
201,105.36681040522424,50.62612251323954,18.887623006652916,OK
202,108.41176789552351,47.852972294373735,36.40452928362715,OK
203,116.24576864762915,50.61148751516142,61.18342938730045,OK
204,115.80703078052355,52.716490145181936,32.58697044639371,OK
205,79.33495948064363,50.244300351628524,74.00950207571671,OK
206,85.93262440127316,50.20295845601941,65.48077915057894,OK
207,107.7255290081299,46.490041560966226,8.251415686800982,OK
208,107.70678926368313,46.68549541224526,70.94954943285796,OK
209,107.72571529459071,42.98697364100153,53.00117318420634,OK
210,157.7909723598208,58.7478837159347,10.98588626039853,OK
211,108.5633576603975,43.780683823043574,29.22786497324725,OK
212,117.03348460270898,46.53547401102046,93.77967738352973,OK
213,114.31002645239803,46.40796367215401,85.26969557210296,OK
214,109.77086876958697,54.474621884722204,99.21584092280831,OK
215,95.27096133039481,48.52525160853986,36.90782097708366,OK
216,111.38453830739901,56.23871036336867,55.232657458958165,OK
217,88.40762178193643,46.63254687878066,86.57251490977245,OK
218,96.44772089889986,51.39497081111901,4.206587894322951,OK
219,92.71954678256344,45.823264733701215,47.03402760543801,OK
220,101.22811209079484,60.72574563886694,75.81067058871108,OK
221,134.71987850010262,44.062007904852436,49.93964288452924,OK
222,71.99102211112378,51.54910355113514,32.037966726489216,OK
223,110.2939028556177,53.168884404660496,92.37607820264355,OK
224,75.80926193215522,52.06899548725749,72.5296184952108,OK
225,92.92102201315849,49.07356170561146,19.303450911600635,OK
226,116.33425895451049,49.35089650133287,54.033512959733876,OK
227,100.96420028643195,50.21905735989555,45.34228579677051,OK
228,83.8338283310604,49.264989991857554,56.71839977905307,OK
229,89.27044436110047,54.81939558397455,95.61000573569949,OK
230,110.19396623402014,61.05261500795676,83.4250220179844,OK
231,89.04450052424295,47.21254107496083,55.445836125810914,OK
232,103.24687884372962,43.15098510210461,79.08145345920721,OK
233,100.6835775985572,49.55858975824373,95.00209713403213,OK
234,90.22599478591275,62.898546688271594,15.635033594817628,OK
235,132.1591613398799,45.98162716015135,1.8807470835884175,OK
236,109.50878533477017,58.195584027220335,20.685712600326056,OK
237,69.6228612001359,58.388504070382204,14.6215078295333,OK
238,102.79681472154141,47.23205879146003,75.80228696829546,OK
239,90.07320302847418,52.84491539592638,3.937302448680029,OK
240,112.78650002194335,58.14198311564269,80.30742955465716,OK
241,88.11218892350949,48.10436129506257,4.8570189638167705,OK
242,98.27895337799652,48.98209819948819,0.5180706034048939,WARNING
243,107.57480918470685,47.09159543025678,28.82771942539513,OK
244,112.98632791255181,44.92621634653567,1.885626820817805,OK
245,81.99555389416335,46.75361227466996,43.04602204328963,OK
246,94.98248146238578,43.880298666188715,74.04582168239097,OK
247,92.87582033258566,50.17041734129613,56.300411433437915,OK
248,90.20006151139432,46.150133844706794,40.64390646212141,OK
249,126.48181360421646,51.168929558953735,92.6918437972985,OK
250,106.07472566441433,42.22052176898186,37.765673538275394,OK
251,81.08674068497433,51.654401161072286,1.8822163237705496,OK
252,113.76792920582164,54.16764480804462,80.98923502162724,OK
253,131.8323429551895,40.03132178714272,20.740488371161675,OK
254,115.4869789082672,51.87028284923786,9.210120622038062,OK
255,77.2094505106898,56.13834496236646,5.629840717977913,OK
256,92.73648890700623,43.951794906543974,3.9864395594552775,WARNING
257,119.00366723779933,58.362861934188516,47.85403612785281,OK
258,89.38495801571828,52.095095046830224,2.2692092008496303,WARNING
259,106.65729142219342,46.47494072120796,24.268979286556117,OK
260,111.61951080144006,49.72115461171147,83.83285637630381,OK
261,86.09604292632875,52.791634562608614,52.309989353203,OK
262,99.10711965907299,50.38002695706206,28.166882462799606,OK
263,51.38098989896391,52.693779962231844,75.26596841809166,OK
264,84.63418537998565,45.39663203460317,35.93848164511127,OK
265,96.2114777291026,50.84680412018039,33.33995209533808,OK
266,81.28325227052726,42.9314275154751,83.73002561914342,OK
267,124.48616955897452,49.443869693256495,43.49146875472437,OK
268,78.54787933059052,45.48046179267605,22.837308902139227,OK
269,93.39933269954524,46.322350287051165,50.11043354640581,OK
270,101.96110865929137,56.18046587605219,98.78968832238925,OK
271,121.61909933599173,55.45655060297135,99.09615309207078,OK
272,78.46206773230841,53.045690604535885,64.29706560299879,OK
273,117.4474562823244,44.538436176637106,7.380593156821803,OK
274,100.1534959152938,48.41795775152599,77.13232203963912,OK
275,85.27737023428074,56.06548849989592,36.56363111283129,OK
276,106.93155211394907,50.70858456819953,77.79241293066795,OK
277,102.98589543360205,61.59664769990847,67.83300103404514,OK
278,90.99674684261808,51.96658919697186,15.1957910398516,OK
279,101.04703127485028,50.960245582450156,27.113855773005312,OK
280,94.2202960470736,48.4544176789875,90.46007226867894,OK
281,101.70276017876873,50.66770452391141,57.12979790135664,OK
282,109.9319601178157,49.23765081809728,97.08302363547355,OK
283,123.79025224218029,53.54054338344295,51.9109853396991,OK
284,81.43276751759726,54.783511583972924,33.75659882989319,OK
285,131.995500619844,46.070052697460255,88.14973764018484,OK
286,70.71868300716247,43.343835232211106,71.11150610908344,OK
287,97.72322357446625,40.818973134483514,60.216337449784305,OK
288,108.82475809726864,52.53995663456272,8.046897534395029,OK
289,104.2148780160255,44.483166969130636,0.6744984577035922,OK
290,90.65950720269109,39.23554703523759,95.50887010043841,OK
291,96.87816624464087,51.94289302265482,23.899207650460795,OK
292,92.6049859801175,62.46499758716395,62.82759335976568,OK
293,91.15952864583683,49.96964544230053,60.754181377052,OK
294,112.74403145531537,54.19245387225821,24.573502665297724,OK
295,105.35523228947571,50.40914679273782,8.157356785459129,OK
296,89.60635607109019,49.50555173404429,4.907140549745165,OK
297,113.49399813149876,54.59538241493884,42.287741396167924,OK
298,104.60949281314915,48.548627279056745,64.28788406994971,OK
299,112.1929317825844,51.33696157035951,21.245091414122072,WARNING
300,109.44443262885419,51.60848903098007,74.89986167376998,OK
301,87.56507483616892,46.659547731784755,43.59259711664822,OK
302,91.59728439704546,54.960211747682614,64.14215384751267,OK
303,111.20940407684893,49.12520121652296,34.336892629212386,OK
304,109.15555398150197,46.221274202535774,75.96010871064931,OK
305,99.68647609053778,52.68254921785202,80.84070542651742,OK
306,101.75991074963173,45.50766009104481,8.176091332456295,OK
307,119.16497343682637,50.14090578684564,89.8196317050463,OK
308,91.12642916746255,49.954405016778985,49.404209226506836,OK
309,108.20646071755057,55.42947782915789,77.91472170369912,OK
310,96.9671102134916,52.373491164399766,96.10700366743326,OK
311,96.7347819515917,49.87486520627428,96.39811817085736,OK
312,116.48165277980786,54.08883149600143,82.47782278941727,OK
313,112.38124523482045,56.951037745086566,13.32296454939997,OK
314,112.20264454000957,52.78905153175931,71.75212560229733,OK
315,119.58218210731494,50.051763099216906,4.954082942470421,OK
316,100.31505762449139,43.4408188382492,41.83777070108064,OK
317,110.22929456942445,44.67443168462314,56.33858102312339,OK
318,95.34599865109816,48.473876478226664,41.99111653305454,OK
319,104.86249528732664,46.952438989203586,48.330161477373224,OK
320,98.04785418448473,49.06514348507277,24.12237462426748,OK
321,101.45493947489078,50.283249624485535,71.75039340271478,OK
322,108.92735538155371,52.64846377178365,64.69496083996975,OK
323,87.72668975149791,49.647506109704544,10.59056974667493,OK
324,131.3858091352819,52.43250821913101,5.354348684959447,OK
325,84.90973927750447,50.3223720740506,10.744177251352554,OK
326,81.78717080818402,40.12266716823064,58.05520060426864,OK
327,117.37166310250102,45.30332303090623,21.963449699311838,OK
328,111.87494040944404,49.27956222139192,52.36642666989012,OK
329,109.36179725578234,43.951526285794465,50.24601478538978,OK
330,109.4251826389642,52.999643649981024,79.53198909427161,OK
331,99.81629840729629,57.65375416171849,40.886969674148354,OK
332,86.54118442771252,56.09380925848659,81.38641022466521,OK
333,101.1370683729059,48.93278564534896,66.84353009328062,OK
334,89.84257432731832,57.45363068424976,14.496979838006482,OK
335,114.62679600126627,50.74333728601056,79.29241907891448,WARNING
336,97.79413927746792,48.31457014440981,92.88417148265671,OK
337,87.61754204811233,46.9329866822953,93.09924073871836,OK
338,95.1792123752051,48.48765156755936,5.921547949689213,OK
339,106.19397181413436,48.05911590729386,49.30795620381654,OK
340,91.54413170794038,50.85208111187744,59.058792818298166,OK
341,87.66669406650352,50.802869905249324,18.91214189920815,OK
342,103.65530817237868,50.01523010076707,16.417407208948404,OK
343,103.67449856663085,52.18469084873175,66.78089668843954,OK
344,92.39585236943306,55.95323137393171,30.63819425262048,OK
345,92.93442541572516,54.74777067720662,22.887718414811346,OK
346,103.48074906036454,42.575510157750486,34.53493131340454,OK
347,78.27873487754013,37.230394325490224,84.84049251999006,OK
348,78.88804338435168,54.67159955619637,12.411691648294294,OK
349,89.22333668121345,43.165606507922895,46.09054472639913,OK
350,96.7982927243223,48.87617299053658,71.75275736299963,OK
351,104.66361348397007,44.1494348697032,57.47718145623061,OK
352,122.13034325424329,40.990097812099904,96.24289096010926,OK
353,112.86489434803029,52.70731364102394,87.21331987775824,OK
354,97.60092205054859,53.79577580151324,23.445324948413912,OK
355,99.71475688145966,47.1174479963664,99.99883652446339,OK
356,84.96205953043287,37.04478853927545,58.34341715177078,OK
357,99.72230296011415,47.268777758737585,47.748981891441154,OK
358,95.67012041619793,51.959020027012734,94.53655799990277,OK
359,104.84077840507135,42.60544215612936,2.6921837027667124,OK
360,87.59153584671516,50.91679959889578,77.3874668750328,OK
361,107.79019771361759,49.923450754135025,69.58012803637192,OK
362,122.99108369503867,52.89645749800544,69.60574877449727,OK
363,98.36859777314713,50.59790184207077,76.95833378826501,OK
364,106.02567583148412,45.134655295592225,99.85261779136886,OK
365,110.35215987566669,55.982857508322454,27.065520591200368,OK
366,93.98169292171245,49.20735213486515,3.3154500200714665,WARNING
367,103.36138722715626,49.86347730245034,77.5706516714955,WARNING
368,100.18888601172692,45.33366020463402,33.695280819657754,OK
369,101.46514147823248,47.78358874404245,25.81036730412849,OK
370,88.404853242168,45.575986429865495,15.157462090947533,OK
371,100.36765261388415,49.135269700382885,57.737080298639086,OK
372,107.46997436868175,58.558542400711715,69.70690943595707,OK
373,121.76715411692562,43.140494285343216,67.47048659769689,OK
374,114.3890623912781,41.932193010616295,28.73786669014872,OK
375,132.29773686267333,57.35585163746804,18.322053349436402,OK
376,88.48978655667926,48.95338161424067,81.83860322433974,OK
377,113.08480955081018,46.65463630670042,62.90589918422348,WARNING
378,102.75013008607527,55.199523436980385,9.805980325084988,OK
379,132.8470439982651,46.97192230131568,19.330648030526078,OK
380,87.87552571967272,59.13004856773468,1.5141597237524138,OK
381,87.40417236728835,53.38962935669635,24.57517403179193,OK
382,91.00911031833967,47.560442959271484,60.680479897207775,OK
383,68.1415641353529,60.786541066327516,40.93621660053623,OK
384,92.11367467478858,46.971425384983306,33.89857457526797,OK
385,88.61301007669454,53.71047686004653,92.15441836828761,OK
386,102.25590679714311,51.49646290203246,45.55030408961349,OK
387,105.12633963665739,56.50870644699399,29.067917152739042,OK
388,128.1425625882383,57.807555983634266,83.26786959989397,OK
389,114.25635757279075,50.160020745328836,21.93682825744429,OK
390,91.34644516506395,46.23291064826908,41.62272194858884,OK
391,86.52377992977463,52.29986071469558,4.777821430240536,OK
392,107.37878757259759,46.61142315123947,95.75777017931082,OK
393,80.19650189469037,60.066936237633115,73.46738624445331,OK
394,127.47188148781531,50.68267665541369,39.84461207001759,OK
395,117.69160181081931,48.17339224343946,70.34400877940693,OK
396,92.96236521842943,50.92340152932454,28.557583592875773,OK
397,74.30298206363683,43.26436855235152,24.099471747806902,OK
398,120.3080856124812,45.14192980744674,89.74840359335255,OK
399,98.28190232121074,56.00206953972213,48.61455357932323,OK
400,118.56724467960193,46.71552860514302,49.110944440894414,OK
401,76.0835851180845,44.765445086590304,63.07192297844589,OK
402,91.0093746556934,52.68326376263643,6.707513743032791,OK
403,100.07865549577275,55.928520773314986,17.249368012677877,OK
404,100.70470890647113,53.594766553325336,30.27906180903632,OK
405,93.24901792781135,54.98023842902908,28.567336426500248,WARNING
406,109.34274898521248,46.21602455715269,53.82838561868809,OK
407,83.98569355926108,42.89094666629078,7.900547890342409,OK
408,97.8643077246806,57.506668259777435,30.540457274671468,OK
409,101.80443447567848,48.38660080578932,27.101893834418362,OK
410,107.71658251088124,48.745834917724764,13.830909621265477,OK
411,110.67422317133335,56.64097070924529,72.5928410657809,OK
412,83.13036862243196,52.7811500470033,19.292909613329698,OK
413,76.98828743896567,52.279438860408035,80.4759397043508,OK
414,119.16515232847763,60.825011724505416,65.46580477551122,OK
415,104.98471017969388,46.78240884809929,66.43895457301574,OK
416,88.7727019516517,54.63920064040619,2.1474531610859486,OK
417,123.26727963283784,50.28506562448542,14.346277625207321,OK
418,101.73511951439288,51.34296139431628,29.88301384097403,OK
419,117.6894577609574,57.64234213206266,27.294323838460983,OK
420,101.01277722115164,52.53917878144812,43.79272055974289,OK
421,130.9112188732298,52.69148039524816,5.290933289148086,OK
422,126.33011263664807,55.362536686549014,50.37412471176385,OK
423,96.2655377728139,48.17523635228557,61.94822901301055,WARNING
424,114.57356426431534,45.80395166330497,83.6964663068409,OK
425,109.68063924377721,44.775954029894834,21.379434773894204,OK
426,120.52947336298523,40.16821705311999,26.555606792440855,OK
427,85.52614809129844,60.28103564970161,61.56449614758651,OK
428,110.29077189997659,44.483958171391585,97.48065860407706,OK
429,115.87636730274382,48.89373188207114,16.10026722819893,OK
430,73.61890770365329,48.6159335005554,98.85820165459263,OK
431,82.25112231001337,51.537033489045506,29.630022037094903,OK
432,69.4115173335985,54.078686062696484,2.974289027394292,OK
433,95.95889748333164,54.30236744179873,56.233867185179655,OK
434,110.76313383693943,47.08461280715531,76.50265950040472,OK
435,122.53535578144042,49.16439143106794,29.51289899566183,OK
436,101.11142170629662,51.4128997524415,18.287185798441485,OK
437,124.42923318356938,48.75654436908226,45.35696839221527,OK
438,79.29847812677663,58.03672788009996,3.296472474385382,OK
439,74.44926340967268,52.45487475819126,94.83312783420389,OK
440,99.16678451655072,53.67438893024909,49.520440169547186,OK
441,105.76098173408961,53.31440634333706,28.154605267744998,OK
442,99.5095787785886,55.86736928742663,13.7359528850821,OK
443,68.98836849940184,50.90510779351853,82.074438809221,OK
444,98.66319940730817,43.51584026022077,19.999651823631865,OK
445,80.4329574924272,51.99843975876321,44.72929242814547,OK
446,110.04508823245058,46.74321553104085,60.34463180100368,OK
447,105.49897369145272,47.35691659125121,86.82849714209064,OK
448,85.90180320508966,52.931820093775464,13.470424109108762,OK
449,92.2919962399496,56.19141535716818,84.27267918202847,OK
450,84.11179717166573,50.10635788368031,69.02121407909007,OK
451,99.05981354090243,51.54416506299482,70.99544680375631,OK
452,114.32713480751858,58.51107472317619,12.858596580914565,OK
453,85.21410930496684,51.20376589744284,32.7297005791102,OK
454,107.56069773276766,63.008415570901974,20.33186028086277,OK
455,92.04613572441339,52.827548228157724,74.9532101207501,OK
456,88.10690751606484,41.19618620422091,37.51259003930011,OK
457,98.39454460068163,53.76670810552266,42.82540168562513,OK
458,84.4713651637094,51.90579192441389,16.716962321172886,OK
459,91.69526041979228,56.44876377041373,9.391293951873948,OK
460,82.03183161116728,53.365906756349794,98.78432285226133,OK
461,129.47087699374583,49.30772008008113,32.59800809412073,OK
462,100.52895327957593,43.87850881855317,94.8164200880271,OK
463,89.50411738011121,48.95488371356987,45.11413349226441,OK
464,103.20969866101333,45.7473977289535,71.23672709563218,OK
465,98.31507925463755,47.09738275097639,69.32234004778587,OK
466,96.68545600700166,52.942892022103045,64.70414965476434,OK
467,109.21250050065137,58.34952252175703,37.87075509503899,OK
468,111.36261565070957,51.9733576491149,66.59500343312308,OK
469,92.04248278584208,44.02058468982408,26.730094940971966,OK
470,91.3627263903298,52.2230133411007,59.54726144261303,OK
471,95.87422454272534,55.98315743322826,93.16467996900414,OK
472,65.47118252896622,46.95108547840309,21.62401575158927,OK
473,77.27213406702171,49.32991416663541,71.4241675407294,OK
474,120.50311401166786,50.07344097364599,56.723312040073736,OK
475,124.67451570251926,46.0755084345888,31.45561167780984,OK
476,96.26445940665432,53.2414021692193,66.7543842851288,OK
477,108.6483544458365,49.39525925696109,94.34143438532844,OK
478,104.66875231815304,52.09766221953514,62.60789529871864,OK
479,146.18321212682855,45.5625391109895,5.555141730569659,OK
480,116.79362367151865,47.812708498382946,35.826560270144185,OK
481,98.0812361277885,53.61190678913886,32.8520851332793,OK
482,85.66689339099361,48.13583423954117,36.77178463623601,OK
483,75.90330519613642,58.63481925616703,80.10078610405633,OK
484,103.05195453800835,48.00181907192699,58.166613589771984,OK
485,88.65473882073545,51.12342362875943,24.906020163668174,OK
486,78.66619435603488,54.66295415936545,89.86271024468408,WARNING
487,90.3014067363621,42.90817133533484,72.21472239102877,OK
488,83.77677994578407,41.19595594009612,72.36808915341464,WARNING
489,125.30712452608847,42.371718427149524,56.7981072405494,WARNING
490,113.22459635424175,56.31292051713591,1.9631259057814958,OK
491,99.88041038025074,47.240709270537764,93.2497453316178,OK
492,122.19916208335039,62.79099642834126,48.129900561940495,OK
493,101.16052461471428,47.17876200671306,82.06353179877895,OK
494,87.08073698007604,50.922756515985185,2.9323454590255835,OK
495,122.84686115904486,57.71054976283938,88.66964952725358,OK
496,108.08365065526988,60.03046444079561,59.63989976384087,OK
497,84.44130768510315,60.30751788318199,26.211501516539386,OK
498,97.14491982874588,56.04183115296571,29.54455719725547,OK
499,86.86572619922865,55.12031262905731,57.727136310606774,OK
500,79.25800403553495,52.96263474600592,65.34758320472818,OK
501,113.89266321297463,53.89180538083319,60.23876214471294,OK
502,128.64124960705195,47.244071418357336,73.57237368413607,OK
503,79.02148639271289,45.90900558288846,79.46670612932002,OK
504,108.44453855035856,49.98312771294524,51.696030244111,OK
505,90.24036146317259,49.14907688737536,73.14662439323926,OK
506,92.69311924352957,47.733859753363625,71.25383351027499,OK
507,91.11409113641696,53.481937237283574,34.32439365254429,OK
508,87.04013845480276,54.77652604285255,3.1462668300107737,OK
509,100.7278244191724,50.442034431459234,39.636279944062494,OK
510,87.53574825383444,57.38765040527631,92.30205329350338,OK
511,104.05685238669759,44.29155442933248,92.4416386145933,OK
512,99.24642835826295,49.03170270360141,4.8576779154434035,WARNING
513,96.41577929700385,46.41588839698598,70.27092096926664,OK
514,86.38654506937603,40.667316914634696,90.79330139175246,OK
515,91.34843004147501,49.586596570786504,40.09554128496185,OK
516,111.33086838738635,49.39126245808358,37.63512217097339,OK
517,107.5137578143657,57.567248716210656,35.14951798813118,OK
518,85.33667132802174,53.154058422773886,73.25979721424588,OK
519,101.48998458143839,44.87906587835398,98.4889315785525,OK
520,111.27080685057683,59.27046283167094,3.498463054552815,WARNING
521,74.95892078317942,56.10516847762676,74.91069543088975,OK
522,108.15040288569902,52.910488517343076,32.39737119474525,OK
523,90.0606436158123,48.86757950575084,29.33701301212905,OK
524,108.5589800288974,45.2028038163826,38.99925829205143,OK
525,88.55111265186224,48.138966119644735,68.70926057863518,OK
526,72.92676849003222,55.443743098520926,72.89037462359343,OK
527,75.58686343175256,59.42293152967304,40.23317172972969,OK
528,100.72127419992073,57.71621764136094,13.390436638830849,OK
529,103.89583752582223,47.55575289106863,5.326627107660443,OK
530,86.43525062343387,44.401912833554945,89.40941955962424,OK
531,109.57888688166061,50.70443123455602,84.51713874022802,OK
532,75.0771990659656,41.157803172185744,5.5263741216920295,OK
533,99.00880302029024,51.615838570923906,26.346477166520742,OK
534,81.83475700356315,49.261987068506656,11.700617517022692,OK
535,90.22245838296762,47.66981749065879,79.73673658646568,OK
536,100.71098006974621,42.026484663666025,41.241412889059816,OK
537,87.09379952074072,52.568000532848586,29.88604055825263,OK
538,94.23166683655262,47.33649580169045,31.988811455302738,OK
539,115.0943921382166,44.15041582144856,59.18483091333019,OK
540,91.34662195715276,35.63868893359175,98.46051083086915,OK
541,112.53538168097712,49.86242547474682,41.70739431957369,OK
542,83.05439718013574,58.86125798334872,74.68984608203913,OK
543,107.94706266872925,58.30629607273935,54.97457538571096,OK
544,121.6235293098685,47.71451871706864,4.241898491618272,OK
545,62.92533249809066,46.988939698191096,60.096468235756525,OK
546,88.04657116794284,52.34387128037512,16.01983933355733,OK
547,108.6560819077081,45.00807280405854,81.14593942507489,OK
548,96.9543192093551,51.50895949909733,32.75395019749712,OK
549,105.56718810056964,53.83040139192345,2.2993045561056533,OK
550,90.94022219926269,56.13466611942154,89.81068991270632,OK
551,101.2988468120935,49.499229617600236,99.1680057772808,OK
552,97.66484146911881,48.98163124911517,56.64172073673856,OK
553,117.5167309248971,45.6100870662172,90.73745169486328,OK
554,103.8163126495182,45.865598229800696,25.16156503237687,OK
555,105.06403993112804,48.86760554049236,8.54513361514411,OK
556,93.821845508163,51.83682753408089,56.597902729124115,OK
557,92.6859066389126,54.567923131166246,74.1288357844559,OK
558,93.51162718270568,45.984105246598276,56.55966809933902,OK
559,105.91678213567445,57.46344284479761,27.655218214999906,WARNING
560,93.68523278769605,48.64438199478715,99.0945838419629,OK
561,104.34662285344619,49.89316352825782,41.054601051530284,OK
562,131.13101197968157,46.263941604260886,38.670831511262094,OK
563,113.06687055147539,37.87879869863529,36.23117531040645,OK
564,95.10964701748239,54.42022698180525,75.79779200191228,OK
565,118.01820883245918,53.684219485462165,28.594727662187324,OK
566,93.87886940467673,48.593362214408934,90.86085136682236,OK
567,69.4281319723322,50.33495358612436,80.07296635331991,OK
568,84.87870533623894,52.5796960885205,12.252995334551812,OK
569,71.93812118461216,42.18727071556729,26.127684927343367,OK
570,94.72729773938038,47.35473661326853,98.62544459886547,OK
571,100.27627568784328,53.971323398109135,75.16237396301997,OK
572,125.14655968412924,43.72855288415376,78.55935170068355,OK
573,104.90391060646245,51.46778966083315,72.91936719630274,OK
574,96.71349206786704,43.21709097688297,75.24402297201135,OK
575,112.44108371775233,52.33214991216763,93.74737042571543,OK
576,66.83297036488173,49.82179258851258,54.105948340317966,OK
577,103.53421837162848,41.92434092047245,26.726652521383485,OK
578,111.5629779083045,55.82369677228586,39.32682752825636,OK
579,77.82120631330238,46.32704211600976,32.71283314019202,OK
580,117.15631064810394,45.948737814928094,91.88508214637608,OK
581,105.07744611241621,51.00284598615472,4.850928982321278,OK
582,93.77068129148797,55.743186747143575,16.150816615697522,OK
583,109.49172799159427,44.92089090510802,19.49096815043373,OK
584,134.06039286706593,50.308399249239855,17.701619495823252,OK
585,102.72799382587743,52.14408250165287,6.728949186723867,OK
586,103.72330879450504,53.46552803631572,45.57460338863023,OK
587,93.10958650689633,50.882207776386124,79.9717982132374,OK
588,87.25233445802812,48.16486080458339,38.321639214745886,OK
589,112.45503724816368,45.8620488967564,25.711850633206097,OK
590,87.15874261136699,50.43071941523188,26.20826066459746,OK
591,101.07349355829089,44.639304940071966,47.85509758331199,OK
592,92.83513829852325,35.39324758252697,93.15412806664219,OK
593,107.18469738619588,52.18279902078834,62.88870615698722,OK
594,105.00493157930423,54.519674205430974,7.923339153664273,OK
595,115.56309916386849,38.185337822290805,41.5551090242574,OK
596,92.3497540171788,44.95134647645031,46.16680567442866,OK
597,95.95187597059943,53.09577130502599,73.11464856178065,OK
598,85.3185442632654,60.2874773485585,63.15510800834211,OK
599,93.33560109885832,50.10396853837704,10.465391084683077,OK
600,105.65950739567279,46.35998529385433,33.35369524731642,OK
601,111.35482924968028,49.0855177944758,21.261297324766716,OK
602,86.16752013733561,56.87438209574093,54.565457693234485,OK
603,113.0440888015849,46.77017910437732,36.975278054384205,OK
604,120.33456788207427,46.004039966748735,75.16163912567924,OK
605,106.20152354835551,47.58628238908984,29.453916971651367,OK
606,128.151937188371,45.23335695870644,57.23986662966627,OK
607,88.3931620134464,50.61335157997398,55.74544851852544,OK
608,81.33017945032874,58.1233922923478,35.06776754231183,OK
609,73.31919626643582,51.615396365580146,6.37193785310734,OK
610,122.44066467233775,48.73823248936856,93.5993653391379,OK
611,109.81548484531086,48.54094365542228,17.52567626529924,WARNING
612,99.16622993634317,42.18404595651671,70.7616889587807,OK
613,104.19952939479731,54.415548885735795,55.608054549362215,OK
614,83.11766429052435,49.61081401493599,97.8086671224991,OK
615,136.6862796942524,49.097600432046875,69.8953922165687,OK
616,101.93831772962841,65.96553783922431,49.73687573698695,OK
617,101.64092191907339,51.49376454182843,94.3823922652561,OK
618,110.88649935848038,46.24104474952408,50.89042706168348,OK
619,107.2151384760507,47.86821201897229,7.288937114157264,OK
620,103.35826036418698,55.74222854598378,89.46067818921948,OK
621,88.14288316832032,50.56635205268882,23.55592719244956,OK
622,107.07202535703993,42.80861010841316,59.032894662400736,OK
623,128.2303674471255,54.596144672876015,34.48262854756619,OK
624,120.18130069232467,46.65927957230503,73.97634020147706,WARNING
625,123.89779939959095,59.366488881087726,84.05077374586418,OK
626,92.33176485353222,55.40024032857324,83.95373857287736,OK
627,85.15592769612128,47.76339052170624,92.95080543568554,OK
628,98.11319619850528,56.40508180867556,81.4353295098757,WARNING
629,100.83587368433042,50.339277552637014,33.57806150110318,OK
630,116.41287277706422,54.263868375611096,11.83093881564919,OK
631,74.61303055427771,52.42366408647237,18.58743144088382,OK
632,122.9432547919092,45.76821672504563,31.486569012551584,OK
633,97.62988152131516,46.78225083841269,88.95681365888973,OK
634,93.5967839507887,55.14980408790581,71.08125537040502,OK
635,84.81843437109748,48.326123339467294,69.01931246775311,OK
636,75.17714992201346,47.981757683790015,75.00430536023788,OK
637,112.34755875942872,45.224387103253235,48.49943402902769,OK
638,101.09976950782605,52.11799532796731,46.44461851203274,OK
639,80.6505865038842,60.31262459621573,64.31140248288898,OK
640,80.57381841904575,44.66233542872864,64.62108412635641,OK
641,94.96322951064808,50.12109728336379,17.14444020939186,OK
642,125.0353228793409,57.061102777077146,21.07071516803144,OK
643,96.10612972954593,49.60179304377142,69.22041683192543,OK
644,77.45285570322841,52.26185898124867,8.621155612674073,OK
645,96.31385403871083,44.688032359265605,4.718498299749399,OK
646,95.90914645378494,52.141535486038244,67.32574579699592,OK
647,59.546700355876425,49.06427867497726,64.55750512069451,OK
648,99.18557700223282,54.928649978399314,49.43658465780412,OK
649,96.53598204686983,55.936930257823754,5.88791874663265,OK
650,110.44309547220128,62.94781821009307,12.368056685768849,OK
651,127.73434142418017,52.89816586606788,89.74320374164103,OK
652,116.89847544321637,51.62898158291083,60.72692567285838,OK
653,95.96666964167754,50.97192150788668,44.66288102502281,OK
654,83.40211136887494,48.23416853594656,49.686752744846,OK
655,138.6003970487479,51.692419217308455,80.61369320631073,OK
656,100.88827651021732,48.52299294930485,14.118322883184533,WARNING
657,100.2089393786942,50.84230488134807,32.30592170031626,OK
658,99.63812369334995,56.587987678039795,16.20916251481964,OK
659,102.97127141151782,44.9672871736018,14.123572065052784,OK
660,97.83459382114086,55.699392805645225,25.16441463342602,OK
661,91.39506989679646,56.58557533669933,56.07893987502827,OK
662,91.79711588139412,49.40965736504461,38.945324498457545,OK
663,99.50870094676003,39.390725504957025,83.96345938802568,OK
664,91.84862843299352,46.96089006452784,32.635458252509224,OK
665,89.30731325984253,56.484972732805545,82.07467442607192,OK
666,101.59645341537845,49.88565968850559,30.605040948984325,OK
667,96.17534173868717,45.00348883852545,77.04018392460313,OK
668,122.55989482874033,47.476125393858915,88.24486998497801,OK
669,60.23545287410482,54.20310013252276,83.47155098570425,OK
670,116.37260277883692,52.7336678410069,99.80078647809297,OK
671,118.69127788746444,48.805339504151526,28.126038214646982,OK
672,68.89914651387775,48.16587794092656,26.75989509416209,OK
673,94.85968608879477,48.04120925478089,48.506665008674055,OK
674,94.42838701006313,45.387949077507486,83.86371989446164,OK
675,78.88732457923268,58.07687844734721,91.64456624893103,OK
676,88.33274968613686,48.3883976539433,98.0871033562713,OK
677,83.34136231801257,56.085792604127484,83.42518230347792,OK
678,126.28405665135435,57.60658025961226,10.914446501685333,OK
679,114.03517589721191,54.9915544907398,75.84631582983182,OK
680,119.07332642491238,47.84189843640976,64.57286727827844,OK
681,110.82508096064853,52.018650451683044,89.46545155186668,OK
682,83.06422343174157,49.87902196804542,77.76386952518297,OK
683,92.1321960058034,45.48149069634936,48.077542921979486,OK
684,107.34061841841877,51.62179640860801,39.224731690434744,OK
685,81.66808286662082,44.10480104420099,75.4647685833789,OK
686,110.69497645258582,55.93839694230782,94.22678407748828,OK
687,96.39511902762797,47.67691351350803,60.89671308726013,OK
688,94.37768788675604,51.0057982793642,76.57966290736658,OK
689,110.66439952305237,51.41643935773071,78.0446076770198,OK
690,106.6639496722906,48.705475131479616,4.013719728654479,OK
691,94.5855075127138,52.933469007376374,38.36995140742759,OK
692,117.38994705046372,47.62548171688738,44.31215568279041,OK
693,83.78405008600154,54.35648648728622,58.42248964766781,OK
694,109.23903410416395,43.27010159876626,57.10556665698557,OK
695,108.89651886952575,50.63189789773206,45.909499616191916,OK
696,95.35680341029014,59.694644995291426,30.357019296389282,OK
697,104.89199533363177,44.99834337697213,29.785390381817052,OK
698,81.23329635422046,46.61127514737574,82.83060922945504,OK
699,113.86040528810352,52.569539248294575,49.9887247923373,OK
700,97.22646795335517,50.89790890969799,58.804190496589804,OK
701,92.1591546922144,51.753150496367795,12.947303373061587,OK
702,115.73513838755333,52.44593565073832,36.85810787816236,WARNING
703,89.4348446418586,53.17360734280885,46.74959335840182,OK
704,78.8730805545466,55.54849920978111,88.46053578210827,OK
705,76.65056239714144,52.04909328464257,39.43621106765885,OK
706,109.0901492701846,48.79371172690729,88.27960943197665,OK
707,80.79355971255575,53.362868506013655,66.2793424434248,OK
708,126.32191272976547,59.49940967447608,85.71580351856682,OK
709,68.77105888174417,49.33683126808713,30.79263529756311,WARNING
710,125.44684552435058,45.12735347664679,79.37478861638473,OK
711,103.16526200803928,55.53540334643486,60.8140626811974,OK
712,98.54930332194411,49.39809418023201,10.432522238122132,OK
713,91.82621369786575,39.13665226992982,79.56836166010297,OK
714,105.98704171528107,54.23710838575211,49.219493604122086,OK
715,99.43547946362727,47.32335907023039,58.0728338833978,OK
716,116.54952823024783,49.5473335884792,98.18759589542702,OK
717,101.71341472993059,51.65990165284507,20.724188642718715,OK
718,102.25452642192816,50.95249839889533,93.09540936854003,OK
719,94.54581681679217,53.547259085695195,52.57449790230464,OK
720,99.14581564418398,47.82256814715078,43.93217050610501,OK
721,104.6170265333809,52.565528990880416,37.157354338541296,OK
722,74.34747411015061,48.702266612080415,31.136837069212447,OK
723,79.7772186684143,53.694052404437514,74.67276164772849,OK
724,111.14896141034072,53.07683742006527,99.00212233415506,WARNING
725,102.56298157191912,45.32280648977702,27.655633764508806,OK
726,97.24024995470981,55.42991058087516,46.43434006524214,OK
727,100.27650899598089,47.32018277442976,16.388229679275128,OK
728,105.21372558042506,54.040288991405724,17.861163709930565,OK
729,91.90360479535957,51.8364365670067,15.66738322121168,OK
730,88.3254291189653,59.190918383975614,51.49053400204598,OK
731,102.93767882646523,48.88267008814074,66.63716041631344,OK
732,85.32440833577452,48.25341601940901,20.844179740862998,OK
733,106.12379133571707,49.90290197056134,54.87058869707451,OK
734,74.46124593643239,48.48410108582862,81.65578035965655,OK
735,115.43733455988465,53.99970950971025,14.502598043852572,OK
736,107.08896223619564,41.91844695781706,11.744012322765272,OK
737,103.84044601470814,44.73158790426823,53.36902438598299,OK
738,114.74036475918271,44.66098539210404,92.43002726902125,OK
739,124.98211666693865,54.751537959867875,61.217391008306876,OK
740,115.21555097527195,58.553066862909624,19.64623405373966,OK
741,72.38688653002532,49.47775390731264,9.82259714537713,OK
742,80.80634549896448,49.155891384049944,79.65272575024042,OK
743,90.62772133456482,50.35026081556591,93.30263879747285,OK
744,100.3913657531625,55.80939151304095,12.264954686716138,OK
745,107.76488530703685,45.36323432904713,61.05950610211247,OK
746,89.11384280269802,51.191844913673926,45.823903573243676,OK
747,102.80150146715617,54.87598814891215,3.1934187949241135,OK
748,88.66925601470017,52.50547084969923,93.34352720857771,OK
749,90.82723295512078,50.94790808299372,35.16819925479044,OK
750,78.90008354727667,55.005230462835705,92.58945774251329,OK
751,86.15150130833644,36.48383853500381,62.45310715334996,OK
752,79.724730915755,53.38937659765454,19.618545480655328,OK
753,85.36190120534,46.72962158436288,56.65277672443656,OK
754,115.80462694911759,40.846835515717714,0.28176460970496464,OK
755,85.75901666752085,52.556012997624904,44.094071505339784,OK
756,139.48573097256087,56.86829272581479,67.88378473640465,OK
757,107.39976851321333,49.31275742686154,77.98886740952469,OK
758,102.77254185542311,54.76437273601469,64.94794657138382,OK
759,87.1246332972818,58.06139128994323,62.74667262404492,OK
760,110.50464819113488,56.57457226792024,93.1286322276039,OK
761,91.36543260643339,58.199822646856965,63.04258005732268,OK
762,101.83014721968043,53.71063745535946,53.576148026077504,OK
763,138.40126807403192,50.377168194507966,27.726224776119537,OK
764,98.55910150413025,41.99017094051416,34.3270515278392,OK
765,117.23909989428513,48.76968755935026,29.123434477084572,OK
766,89.45235362311169,45.78376702341904,99.16363181231429,OK
767,99.47517264254557,60.85471358748907,78.2332600419464,WARNING
768,126.56200953453265,49.120570937838316,33.83157116001435,OK
769,90.5954941331835,50.61602403392243,51.601063182025285,OK
770,127.18672836995393,52.75742688020234,99.4686524331654,OK
771,110.61627903183214,50.21801223186227,19.550535756817766,OK
772,91.56299836158598,58.47525520215376,22.71904267096626,OK
773,109.48611608583282,46.88675319132774,45.158083700643736,OK
774,114.58831674440094,50.97303727618621,93.3536674223728,OK
775,109.32714943325794,46.28764707150976,23.348495046741533,OK
776,76.44662920164316,43.399887443896475,41.62864122686361,OK
777,89.09294236262697,46.94115454547357,21.80400228420409,OK
778,96.28722046672743,49.81481601475794,24.825300760415956,WARNING
779,98.8834985634993,47.8534888774137,19.699792804216287,OK
780,109.31008146326018,46.53789510063072,48.19919335953752,WARNING
781,102.66551501399881,42.96841268164083,85.9675481806485,OK
782,79.96983461934849,49.584472136856526,32.88425266203113,OK
783,105.70296776508945,42.47639812984499,37.95262149480294,OK
784,109.15878617925735,53.80027981844801,25.774681280091286,OK
785,108.3968567189656,50.41219876467252,83.01189939492647,OK
786,116.21171088331933,42.712242502675345,80.50248000997108,OK
787,112.50883231823356,48.453954614750685,10.959048278067158,OK
788,106.88770118842655,46.239217972047086,25.002220154792923,OK
789,98.94751432812029,51.595872552095905,9.177151129967712,OK
790,75.08558599726013,56.702252230115725,24.128467883607925,OK
791,106.44427328698879,40.62413765177128,40.28446940096981,OK
792,103.11531530744666,50.575130395737084,34.586726297212635,OK
793,104.0736825579306,49.1993360221668,11.087207605999012,OK
794,80.84877136269536,53.35670038225233,42.11932454880595,OK
795,83.78415189387607,51.06598314118845,36.760867567161256,OK
796,115.79729279999356,46.240153341305906,84.35232839963994,OK
797,99.40667269215018,48.40473032166691,52.60787798838973,OK
798,110.22251046058936,46.019870715982556,28.360288804190105,OK
799,100.42477564195691,55.38003569299299,72.90573016836346,OK
800,100.44634209243618,50.106558243359714,79.77458194754651,OK
801,114.07425708963997,59.50595342876504,68.61731917755844,OK
802,92.25932907673939,49.69669593092689,75.84993720071665,OK
803,101.44181165411474,46.45796616544769,78.50873629636041,OK
804,93.06587066942436,42.43142803693586,57.51491571319131,OK
805,93.48255658851527,40.98430161872027,9.216148611646588,OK
806,95.3624181479704,42.07932028497255,49.294035326128174,WARNING
807,103.3320065745057,51.33563325505742,81.2079619184677,OK
808,92.81877067504784,52.54362511614967,92.3028330619126,OK
809,118.83634188360281,42.094046489839336,30.384385486207478,OK
810,86.58089046670744,54.475191570380574,61.720123556361216,OK
811,97.19692533757961,47.5846947415828,17.81690534146408,OK
812,93.40403412588738,50.73396505992775,34.048923135922976,OK
813,121.704668265306,58.06110314127712,20.375854945863153,OK
814,102.94832164767362,54.48419657932766,72.80539605815513,OK
815,115.47766809202952,48.65734676047084,30.764107753894194,OK
816,77.71659440444542,45.544038872923565,73.59380153062813,OK
817,104.00575398803889,39.24092299335348,6.093152054970844,OK
818,113.34446193435156,46.4042334037879,36.36257184666256,OK
819,101.23425983913137,48.94434880586153,67.5488199824658,OK
820,115.98220562598027,45.06410236424408,73.04881377077274,OK
821,92.24067324849442,49.34371516453847,80.90734149283566,OK
822,121.1402116027837,50.38425941479384,30.535904110627214,OK
823,134.48347185428875,48.875720090959604,78.12843870020727,OK
824,94.55742159340511,46.7499870958827,40.46967340725109,OK
825,93.31746217898842,50.84327335983364,73.53649730746426,OK
826,121.80076715676552,52.209703247847045,33.803105520613144,OK
827,123.69358218596068,44.54800461278577,18.506027145946078,OK
828,92.15709959270097,57.054661898731354,22.197475685534684,OK
829,93.69719774356214,49.50705933857869,23.91486690692183,OK
830,95.7732308670924,50.09424811472424,81.2277594307748,OK
831,79.83324233448585,53.541072116282784,91.16150530154813,OK
832,86.22022080273703,51.16608065631751,30.10511715126144,OK
833,84.93788849871898,54.76568316956622,63.16527862056487,OK
834,88.48303652343807,51.43562082600912,56.76537735966527,OK
835,99.47972668919829,46.93781312679781,96.8850907206609,OK
836,103.5132209880478,51.80751762603051,74.04235507249508,OK
837,123.25750739221115,44.28136896339669,96.6323596125536,OK
838,85.02468938891813,50.542798528882614,12.081422739875237,OK
839,114.76483597714875,49.8338500467777,75.66033167814695,WARNING
840,96.79016733661737,48.9594157136373,44.26628304269919,OK
841,99.2580443552135,49.357312442805345,96.10206793388696,OK
842,110.12229238249905,40.5907547725118,33.3152608694342,OK
843,83.15916967656553,47.25637546129519,67.69726542459061,OK
844,105.73614619276076,50.46422450570557,10.208081304233417,OK
845,102.49678312319584,50.799281959987,11.188181106596417,OK
846,107.38676896012224,44.861624295370206,67.47093816382522,OK
847,104.33752965861727,56.328539204323505,9.903910430953218,OK
848,136.8295020986634,45.66912575892749,0.38423265012211516,OK
849,90.43390023623026,54.84728600263368,17.4584335876052,OK
850,92.03504567497274,52.13597180935842,15.512865224477096,OK
851,90.65289210362853,46.768863450780984,75.09912638909101,OK
852,91.66784321259618,58.87655446304756,42.32976011422437,OK
853,90.43919309040223,44.0318158412176,93.27440860326321,OK
854,117.83524796661328,54.59577086805001,90.50820631783303,OK
855,121.30756371984782,55.00291159021489,0.11073879667094388,OK
856,91.43880559375785,46.64689895461677,67.3360750574089,OK
857,87.51466640343656,56.962326500321645,25.181608795115366,WARNING
858,107.07123334579606,48.74976742700524,19.333494697318358,OK
859,91.71665433578544,51.44346814639928,14.19767289927708,OK
860,109.49397726633266,51.3016091938561,0.23717025978434947,OK
861,103.04384531276949,49.32845629264726,75.85035147431321,OK
862,77.26383827504152,54.05404136579891,95.96491731403003,OK
863,123.21257801995093,53.967443602761065,58.8808482005414,OK
864,126.93816509643283,41.257340133809095,86.99193301710531,OK
865,90.80816964273421,56.52170121439076,97.7574110837945,OK
866,94.18447660096024,41.68754005982163,63.95731728585139,OK
867,104.28798086087357,55.16273102170829,21.626174892476357,OK
868,105.01685184980538,55.633525684137915,43.38193087749291,OK
869,109.87816409009245,44.54516784892401,68.72220107896459,OK
870,130.15306808149523,47.945928560227074,34.565799450728036,OK
871,97.34579158758926,44.47147665757032,76.79818196911893,OK
872,88.0255413319232,48.92539484855632,98.5618553927915,OK
873,79.31021157978209,48.45982857907129,23.564661356357263,OK
874,89.0360494008712,53.8983026613467,37.625691513599094,WARNING
875,99.50309540689304,56.55154373059804,23.769737549904008,OK
876,126.91836795276681,56.97841905394978,96.10619833123344,OK
877,92.23583051445743,47.189159867108486,16.288037216934782,OK
878,103.35681927458347,48.95389063127736,38.04737999636967,OK
879,99.75365655890872,41.58280903889525,43.66046492873599,OK
880,117.82589910172126,45.970649667519055,37.53859518854684,OK
881,137.90398638810433,54.82425816548729,13.556675313163595,OK
882,92.03696840619519,58.07791411774116,41.30634934410929,OK
883,92.65840836222667,43.82825564060039,41.904962011182064,OK
884,115.66241315603608,47.03767870423553,0.932084293423415,OK
885,110.22837234439467,49.867971215205365,24.3269832931432,OK
886,127.7006098860405,51.400805794098034,55.77061945488647,OK
887,108.75892277988946,45.95198240039177,29.260299996707232,OK
888,94.61061863819411,52.12030522232045,61.07695283082115,OK
889,108.85982246038463,47.63080326464542,77.1124537516501,OK
890,116.63055370874362,49.927738645608606,40.31481231122406,OK
891,112.30723271796046,52.7314212400185,7.18179018860485,WARNING
892,107.60911046660947,50.03211134905469,7.086047998453722,OK
893,116.00012034383731,47.81807054736716,65.80947218945097,OK
894,117.5394338566851,49.451950980370846,47.2322533778305,OK
895,120.7323848655629,49.55818520397332,78.83641014301388,OK
896,109.73064831384464,48.149944850589364,0.43688905011165957,OK
897,97.49322879524719,48.70601968666449,1.888209213206423,OK
898,102.20070529649985,57.99323585252358,35.04910702925527,WARNING
899,118.09763449762535,52.8045972397062,19.558594032252657,OK
900,87.74596493519147,48.5225984098542,28.489983871630002,OK
901,105.53009963309351,53.48477202255368,40.68417809605318,OK
902,94.09991781508958,48.33090255121995,94.66520030111023,OK
903,100.43117234402226,55.86562318793321,54.523565744733894,OK
904,119.17677793910948,51.84821096099047,32.52136978325895,OK
905,102.86648602029855,49.46348927997886,32.24683861163153,OK
906,100.69654822234223,52.23858462905139,62.68773815776164,OK
907,79.60215788530121,42.145619239657506,5.8308013341969485,OK
908,111.19380349040831,44.36616265545097,83.2642967763219,OK
909,109.68226271711613,44.03037496800472,49.96405537844394,OK
910,132.44882084958192,50.714715473818536,30.911602344917725,OK
911,95.38332647570499,58.66257499742546,30.28641941081908,OK
912,103.28725491495908,61.15650073096316,35.136104323118445,OK
913,103.74075525566133,53.19025550720379,72.47117865481398,OK
914,123.66179919645211,52.50422237472228,84.3793431313378,OK
915,98.57056701419572,40.9947113292363,36.405967317328916,WARNING
916,104.18532288655508,47.286631001329894,40.069788386056224,OK
917,109.11844764574809,46.061081240458805,82.0643989710759,OK
918,102.79913684734537,46.89576200874442,29.48608544294366,OK
919,93.30349578174207,49.15928090707605,54.48280082663436,OK
920,102.91134989347461,47.63954711151436,33.2239408396847,OK
921,116.10447624789659,40.10350094812106,16.263292022984928,OK
922,84.6022705088341,53.73955128058767,83.02715714230769,OK
923,101.99454511220314,44.636284871300965,98.08551320031633,OK
924,89.4981877759124,51.196234320555746,22.08974136042133,WARNING
925,117.92569943387264,60.370413348749864,39.03025748473841,OK
926,77.15219642824337,45.403077042067885,30.036043037787834,OK
927,91.61617229092617,37.348562386268355,16.18450250113574,OK
928,105.65817812596781,48.569978890599444,19.718906517549954,OK
929,123.4828604385151,55.50479817499286,3.907985307117528,OK
930,99.01374608390519,59.79173727110297,46.40649211478818,OK
931,91.67200709960203,43.85225202773792,51.15043673400946,OK
932,128.21735604160887,52.48349611618261,59.81128001092699,OK
933,78.27979149375633,47.67344771609973,84.63089571557954,OK
934,67.01791065069878,49.470258228479324,42.73927671179776,OK
935,106.60021675079999,63.221716735085174,72.29874756740212,OK
936,92.46918663471084,42.48514835802423,7.869248778702456,OK
937,84.6815077430393,51.26869830747287,41.68091957229024,OK
938,110.6253467094903,52.33846585882716,40.715981949188986,OK
939,103.65701070656799,55.42893162469674,64.507533912299,OK
940,91.53882053894907,50.489915767354475,94.80106480222925,OK
941,80.79543401993658,51.540252697520515,96.82562346270115,OK
942,113.08685992420217,48.041757162891045,57.66648558468025,OK
943,109.75301766937991,51.34563470622554,91.54346219027622,OK
944,98.51236204330925,48.284038622512945,39.31530444598609,OK
945,127.69955494071499,53.107859449280255,11.902699436034254,OK
946,83.94872850510771,48.15194831978183,11.708518348127782,OK
947,77.11712243612891,51.88550196951093,34.09545898677676,OK
948,89.62137895178134,49.85368593157511,78.8768168527069,OK
949,99.31620975466754,55.63025125386084,13.700316864112793,OK
950,103.65009173984038,49.743031382057566,11.390656468679182,OK
951,96.38145913215506,41.134837658965594,80.33464150470414,OK
952,105.28083094771445,56.30960750356996,26.257391422932272,OK
953,81.22690863714334,45.47133849568691,71.3480451072877,OK
954,121.65646906109889,46.731168306755904,19.73596876470704,OK
955,98.76773232411146,47.02169352978254,0.2762100096397262,OK
956,116.75943747382192,56.87219046585409,96.99739946706072,OK
957,105.14088019566556,39.32162893010652,10.263413420906815,OK
958,106.85129828730676,65.68874266829997,37.73694664013419,OK
959,108.54650920348305,55.28028404533026,2.661738083517889,OK
960,106.71562840025973,51.116194570645796,53.49904824735724,OK
961,109.64084139801315,49.72552999691857,15.261206942862628,OK
962,119.93728795198646,51.427770374288286,93.76059314017228,OK
963,102.94781754552206,52.60561214189669,66.47209499217043,OK
964,110.63505636382769,53.22607792975028,93.298346224879,OK
965,98.6539645856916,52.778022330017244,2.4656866520929412,OK
966,121.6017582317421,50.44790340627625,18.302609272816326,OK
967,89.85411546911095,49.01330789846337,14.745257875402956,OK
968,127.01410649366224,49.24363358173244,6.203476856610578,OK
969,99.39763074033485,49.0254585982366,91.48965138802146,OK
970,78.53837346822928,55.66885048433532,61.44024074866666,OK
971,101.92156622366184,52.96778361140431,92.89651109559979,OK
972,89.78422513787679,35.2980568266786,78.92068984499714,OK
973,112.60965323483086,53.279503882648804,77.06342229623277,OK
974,90.21064031046413,50.97368097359387,53.08927889524213,OK
975,93.3072485017783,49.90645621777051,73.14378325463574,OK
976,71.65688903581703,48.05740773455557,89.90218931822389,OK
977,93.21540521126386,55.620563599930065,83.25089109058922,OK
978,63.64181010056565,54.73763231061429,85.27244364479091,OK
979,76.24145764771416,46.135611660881956,2.6923202087701696,OK
980,111.40621984216446,52.03526143562267,24.070749308152642,OK
981,111.78700237976248,45.14171632729357,3.2238534730438033,OK
982,106.38186342677447,43.101909176055344,56.025951349209144,OK
983,85.4953578530618,46.86641387705018,72.16315183373433,OK
984,99.2843296578703,54.311967361913794,20.17068027908134,OK
985,99.94596191364147,54.76562522688043,67.37460819588532,OK
986,82.62452966211185,52.56542710048647,70.06166262946518,OK
987,122.55097452650726,53.625478934239986,76.74940077921688,OK
988,113.16043435863507,52.58089143557479,87.03210217757646,OK
989,96.68553739255503,46.79259202388524,74.3536938983234,OK
990,100.40328758491796,52.159612723369705,64.46802515261123,OK
991,103.12574211921329,54.00204762613841,32.600579185426966,OK
992,69.37397697363565,53.77145664906787,93.74351577805484,OK
993,96.29233926219105,55.94456685737322,78.9493060334657,OK
994,89.77023628003302,53.54151923600532,19.097635970832357,OK
995,84.97569985157627,51.757241037707914,85.30780764162293,OK
996,95.78349560671067,55.350751191582134,65.73548534774784,OK
997,126.96529790274283,49.8673937037547,13.534107814185987,OK
998,109.61264291900514,45.590626743861414,84.50746888565574,OK
999,91.43231515325805,49.18466518028118,91.72631643818102,OK
1000,108.58874172034238,46.27548677596776,51.54620049199892,OK
